syllable,syllable_duration,word,word_begin,word_end,word_num_syllables,word_stress_pattern,utterance_speech_rate,speaker,speaker_sex,file
AA1,0.5100000000000016,ah,16.66,17.17,1,1,2.222222222222217,121,F,121-123852-0002
AA1.R.T,0.509999999999998,art,16.82,17.33,1,1,2.7173913043478275,121,F,121-123852-0000
AE1.K,0.27,accidents,2.86,3.77,3,1-0-0,3.4482758620689657,121,F,121-123859-0002
AE1.S.T,0.4299999999999997,asked,3.35,3.78,1,1,5.084745762711866,121,F,121-127105-0036
AH0,0.0600000000000005,effect,9.4,9.89,2,1-0,4.901960784313719,121,F,121-127105-0024
AH0.V,0.21000000000000085,of,21.77,21.98,1,1,3.030303030303024,121,F,121-123852-0003
AH1.P,0.2699999999999996,up,15.32,15.59,1,1,5.177993527508091,121,F,121-127105-0025
AH1.P,0.29999999999999893,up,7.82,8.12,1,1,3.412969283276452,121,F,121-123859-0001
AH1.V,0.27000000000000046,of,7.1,7.37,1,1,3.8461538461538454,121,F,121-127105-0002
AH1.V,0.22999999999999954,of,4.48,4.71,1,1,5.825242718446603,121,F,121-127105-0031
AY1,0.35,i,0.12,0.47,1,1,2.857142857142857,121,F,121-127105-0030
AY1.Z,0.6000000000000005,eyes,7.62,8.22,1,1,3.215434083601286,121,F,121-123852-0004
B.AA1.N.D,0.5699999999999998,bond,2.06,2.63,1,1,2.0408163265306123,121,F,121-121726-0012
B.EH1.S.T,0.6199999999999974,best,22.1,22.72,1,1,2.8089887640449476,121,F,121-123859-0002
B.EY1.B,0.6099999999999999,babe,1.11,1.72,1,1,3.007518796992481,121,F,121-123859-0003
B.IY1,0.3999999999999986,be,15.66,16.06,1,1,3.5087719298245634,121,F,121-123852-0002
B.Y.UW1,0.3100000000000005,beauty,9.1,9.81,2,1-0,2.8571428571428554,121,F,121-123852-0000
CH.EH1.R,0.48,chair,2.17,2.65,1,1,5.020920502092051,121,F,121-127105-0015
D.AH1,0.19999999999999996,douglas,1.31,1.92,2,1-0,2.9940119760479043,121,F,121-127105-0021
D.AH1,0.20000000000000018,douglas,2.27,2.91,2,1-0,4.8,121,F,121-127105-0000
D.AH1.L,0.5299999999999999,dull,0.91,1.44,1,1,3.773584905660377,121,F,121-127105-0034
D.AY1.D,0.46999999999999975,died,2.12,2.59,1,1,5.394190871369295,121,F,121-127105-0010
D.EH1.TH,0.4500000000000002,death,1.67,2.12,1,1,3.608247422680412,121,F,121-127105-0024
D.IY1,0.3799999999999999,d,1.73,2.11,1,1,3.5502958579881656,121,F,121-123859-0004
D.IY1,0.20000000000000018,dealer,2.44,2.95,2,1-0,3.5398230088495573,121,F,121-121726-0014
DH.EH1.N,0.35999999999999943,then,13.89,14.25,1,1,3.8405797101449273,121,F,121-127105-0020
DH.IH0.S,0.33999999999999986,this,1.36,1.7,1,1,5.128205128205129,121,F,121-127105-0035
DH.IH0.S,0.3899999999999999,this,1.89,2.28,1,1,4.901960784313726,121,F,121-127105-0003
DH.IY1,0.4300000000000006,thee,7.06,7.49,1,1,2.9197080291970803,121,F,121-123852-0002
ER1.TH,0.45999999999999996,earth,5.28,5.74,1,1,3.5087719298245617,121,F,121-123852-0002
F.AA1,0.1899999999999995,following,4.28,4.91,3,1-0-0,5.027932960893855,121,F,121-127105-0001
F.AO1.L.T.S,0.5800000000000001,faults,3.12,3.7,1,1,3.508771929824561,121,F,121-121726-0006
F.AO1.R.TH,0.4800000000000004,fourth,13.77,14.25,1,1,5.042016806722692,121,F,121-127105-0024
F.EH1.N.S,0.5800000000000001,fence,2.0,2.58,1,1,2.7027027027027026,121,F,121-121726-0005
F.ER1.S.T,0.73,first,1.46,2.19,1,1,2.2857142857142856,121,F,121-123859-0001
F.IH1.K.S.T,0.48,fixed,2.19,2.67,1,1,4.4176706827309244,121,F,121-127105-0018
F.IY1,0.24,fever,1.05,1.68,2,1-0,2.608695652173913,121,F,121-121726-0003
G.AH1,0.14999999999999947,governess,4.62,5.18,3,1-0-0,5.016722408026756,121,F,121-127105-0029
G.AO1.N,0.47999999999999954,gone,5.91,6.39,1,1,2.865329512893983,121,F,121-123852-0003
G.IH1.V,0.45000000000000107,give,10.28,10.73,1,1,4.848484848484848,121,F,121-127105-0023
G.R.OW1,0.41000000000000014,grow,10.02,10.43,1,1,2.6666666666666665,121,F,121-123859-0003
G.R.OW1.TH,0.5599999999999996,growth,6.9,7.46,1,1,2.72108843537415,121,F,121-123859-0003
HH.AA1.R.T,0.5299999999999994,heart,7.15,7.68,1,1,3.194888178913738,121,F,121-123852-0000
HH.AE1.N.D,0.5399999999999991,hand,8.39,8.93,1,1,3.6036036036036054,121,F,121-127105-0035
HH.AH1,0.19999999999999998,hussy,0.09,0.72,2,1-0,3.1746031746031744,121,F,121-121726-0012
HH.AH1.Z,0.41000000000000003,husband,0.52,1.37,2,1-0,2.352941176470588,121,F,121-121726-0011
HH.AW1.S,0.49,housecleaning,0.51,1.62,3,1-2-0,2.7027027027027026,121,F,121-121726-0010
HH.EH1,0.22999999999999998,heaven,0.52,1.13,2,1-0,3.2786885245901645,121,F,121-121726-0004
HH.EH1.JH,0.5700000000000001,hedge,0.52,1.09,1,1,1.7543859649122806,121,F,121-121726-0005
HH.EH1.L.P,0.44999999999999996,help,1.34,1.79,1,1,5.732484076433121,121,F,121-127105-0029
HH.IH1,0.16999999999999998,hypocrite,0.32,1.03,3,1-0-2,4.225352112676057,121,F,121-121726-0014
HH.IY1.R,0.5700000000000003,hear,3.34,3.91,1,1,3.149606299212598,121,F,121-121726-0002
HH.OW1.M,0.370000000000001,home,8.19,8.56,1,1,4.310344827586206,121,F,121-127105-0027
HH.OW1.Z,0.74,hose,0.51,1.25,1,1,1.3513513513513513,121,F,121-121726-0008
IH0,0.06000000000000005,effective,2.32,2.94,3,1-0-0,5.673758865248227,121,F,121-127105-0001
IH0.T,0.20999999999999996,it,1.87,2.08,1,1,4.166666666666666,121,F,121-127105-0033
IH0.T,0.2699999999999996,it,22.32,22.59,1,1,2.9585798816568025,121,F,121-123859-0001
IH0.T,0.21999999999999975,it,5.41,5.63,1,1,4.97737556561086,121,F,121-127105-0005
IH1.F,0.2999999999999998,if,4.05,4.35,1,1,4.761904761904763,121,F,121-127105-0002
IH1.L,0.5199999999999996,ill,5.44,5.96,1,1,2.797202797202798,121,F,121-123859-0004
IY1.V,0.20999999999999996,evening,5.03,5.52,2,1-0,6.532663316582916,121,F,121-127105-0000
K.AH1.M,0.23999999999999932,company,6.86,7.48,3,1-0-0,4.888888888888889,121,F,121-127105-0031
K.AH1.P,0.47000000000000064,cup,15.65,16.12,1,1,3.6231884057970993,121,F,121-123859-0001
K.IH1.NG.Z,0.71,kings,7.56,8.27,1,1,3.0,121,F,121-123859-0002
K.IY1,0.44999999999999973,key,2.58,3.03,1,1,4.044117647058824,121,F,121-127105-0005
K.W.AO1.R,0.2999999999999998,quarters,6.04,6.76,2,1-0,3.5320088300220758,121,F,121-121726-0009
L.AE1.N.D,0.5999999999999996,land,11.83,12.43,1,1,2.3529411764705883,121,F,121-123852-0002
L.AY1,0.5299999999999998,lie,3.77,4.3,1,1,2.8985507246376816,121,F,121-123852-0004
L.AY1.T,0.45999999999999996,light,2.65,3.11,1,1,5.666666666666667,121,F,121-127105-0019
L.AY1.Z,0.6500000000000004,lies,15.18,15.83,1,1,2.6315789473684204,121,F,121-123852-0004
L.EY1,0.17999999999999972,later,8.0,8.52,2,1-0,3.605769230769231,121,F,121-127105-0023
L.OW1.N,0.34999999999999964,loneliness,9.38,10.26,3,1-0-0,4.09356725146199,121,F,121-127105-0031
M.AO1.R,0.5300000000000002,more,6.91,7.44,1,1,1.6949152542372872,121,F,121-123859-0004
M.EY1.D,0.39000000000000057,made,8.11,8.5,1,1,3.8694074969770256,121,F,121-127105-0025
M.IY1,0.25,me,3.96,4.21,1,1,4.830917874396135,121,F,121-127105-0006
M.IY1,0.4599999999999991,me,9.83,10.29,1,1,2.8776978417266212,121,F,121-123859-0000
M.IY1,0.3000000000000007,me,5.1,5.4,1,1,5.10948905109489,121,F,121-127105-0013
M.IY1,0.45999999999999985,me,0.93,1.39,1,1,2.247191011235955,121,F,121-123852-0001
M.OW1,0.20000000000000018,moment,3.95,4.4,2,1-0,6.1224489795918355,121,F,121-127105-0035
M.OW1.N,0.6499999999999986,moan,13.64,14.29,1,1,2.830188679245284,121,F,121-123852-0003
N.ER1,0.2599999999999998,nervous,2.74,3.41,2,1-0,2.985074626865672,121,F,121-127105-0031
N.IY1.D.Z,0.5099999999999998,needs,8.8,9.31,1,1,4.148471615720524,121,F,121-121726-0010
P.AE1,0.2999999999999998,passion,2.37,2.97,2,1-0,4.214559386973179,121,F,121-127105-0032
P.EY1.N,0.6699999999999999,pain,1.33,2.0,1,1,1.492537313432836,121,F,121-121726-0002
P.L.IY1.D,0.6200000000000001,plead,1.44,2.06,1,1,2.1978021978021975,121,F,121-123852-0004
P.OW1.S.T,0.52,post,1.43,1.95,1,1,5.027932960893855,121,F,121-127105-0016
R.AO1.NG,0.5,wrong,16.39,16.89,1,1,2.5906735751295327,121,F,121-123859-0000
R.AO1.T,0.5099999999999998,wrought,9.35,9.86,1,1,3.2467532467532476,121,F,121-123852-0003
R.EH1.S.T,0.5899999999999999,rest,29.07,29.66,1,1,3.4246575342465735,121,F,121-123859-0002
R.EY1,0.20999999999999996,races,5.56,6.23,2,1-0,4.289544235924932,121,F,121-121726-0007
R.IH1,0.1499999999999999,written,1.31,1.81,2,1-0,3.846153846153846,121,F,121-127105-0004
S.AE1,0.19000000000000128,sacrifice,10.62,11.42,3,1-0-2,4.651162790697673,121,F,121-127105-0035
S.EH1.N.S,0.7199999999999999,sense,0.91,1.63,1,1,1.801801801801802,121,F,121-121726-0007
S.ER1,0.20999999999999908,circle,12.16,12.68,2,1-0,4.6692607003891045,121,F,121-127105-0024
S.EY1,0.5300000000000011,say,20.25,20.78,1,1,3.012048192771084,121,F,121-123859-0002
S.IH1.N,0.6400000000000006,sin,19.43,20.07,1,1,2.857142857142857,121,F,121-123859-0001
S.IY1,0.3700000000000001,seeing,3.99,4.65,2,1-0,3.940886699507389,121,F,121-123859-0001
S.IY1,0.16000000000000014,season,7.53,7.98,2,1-0,3.7174721189591073,121,F,121-121726-0000
S.IY1,0.33999999999999986,see,4.41,4.75,1,1,4.772234273318872,121,F,121-127105-0012
S.K.EH1.R,0.5800000000000001,scare,3.09,3.67,1,1,5.013927576601671,121,F,121-127105-0013
S.L.OW1,0.7299999999999969,slow,17.92,18.65,1,1,2.9850746268656745,121,F,121-123852-0003
S.OW1,0.5599999999999996,so,4.16,4.72,1,1,3.0927835051546393,121,F,121-123859-0003
S.P.AA1.T,0.6099999999999994,spot,8.09,8.7,1,1,4.538341158059469,121,F,121-127105-0024
S.P.EH1.N.T,0.6699999999999999,spent,8.59,9.26,1,1,2.614379084967321,121,F,121-123859-0004
S.T.AE1.N.D,0.73,stand,3.05,3.78,1,1,2.9411764705882355,121,F,121-123852-0002
S.T.EY1,0.3999999999999999,stay,2.25,2.65,1,1,5.511811023622047,121,F,121-127105-0017
S.T.IH1.L,0.5700000000000003,still,8.95,9.52,1,1,2.4096385542168672,121,F,121-123859-0003
S.T.R.AY1.V,0.6599999999999997,strive,3.9,4.56,1,1,2.985074626865673,121,F,121-123859-0000
S.T.R.EY1.N.JH,0.77,strange,2.33,3.1,1,1,3.0534351145038165,121,F,121-127105-0034
T.AH1.NG,0.5199999999999996,tongue,7.73,8.25,1,1,3.0864197530864197,121,F,121-123859-0000
T.AH1.NG,0.54,tongue,5.14,5.68,1,1,4.152249134948097,121,F,121-121726-0001
T.AY1,0.7000000000000002,tie,3.02,3.72,1,1,1.4285714285714282,121,F,121-121726-0012
T.AY1.M,0.45999999999999996,time,6.2,6.66,1,1,4.761904761904761,121,F,121-127105-0028
T.EY1.L,0.6199999999999997,tale,3.6,4.22,1,1,4.568527918781727,121,F,121-127105-0026
T.IH1,0.19000000000000128,tyranny,17.98,18.6,3,1-0-0,3.5842293906810023,121,F,121-123859-0002
T.IH1.R.Z,0.7699999999999996,tears,19.75,20.52,1,1,2.739726027397259,121,F,121-123852-0003
T.R.AE1,0.33000000000000007,travel,4.08,4.68,2,1-0,4.212860310421286,121,F,121-127105-0027
T.UW1,0.3599999999999999,to,3.16,3.52,1,1,3.723404255319149,121,F,121-121726-0004
TH.AO1.T,0.45999999999999996,thought,2.0,2.46,1,1,3.603603603603604,121,F,121-123852-0003
TH.IH1.NG.K,0.40000000000000036,think,13.78,14.18,1,1,2.8571428571428563,121,F,121-123852-0002
TH.IH1.NG.Z,0.5,things,15.1,15.6,1,1,3.4482758620689657,121,F,121-123859-0002
V.AW1.Z,0.6500000000000004,vows,5.18,5.83,1,1,2.515723270440252,121,F,121-123859-0002
W.AA1.Z,0.5200000000000005,was,6.68,7.2,1,1,2.5000000000000004,121,F,121-127105-0034
W.AO1.K,0.5299999999999998,walk,3.98,4.51,1,1,3.5555555555555554,121,F,121-121726-0008
W.AO1.Z,0.46999999999999975,was,4.38,4.85,1,1,3.5460992907801425,121,F,121-127105-0022
W.AY1.F,0.5300000000000002,wife,3.3,3.83,1,1,3.468208092485549,121,F,121-121726-0011
W.EH1.L,0.43,well,0.32,0.75,1,1,2.3255813953488373,121,F,121-127105-0022
W.ER1.L.D,0.56,world,1.9,2.46,1,1,3.061224489795918,121,F,121-123859-0000
W.IH1,0.16000000000000014,widow,5.88,6.44,2,1-0,3.968253968253968,121,F,121-121726-0003
W.IH1.TH,0.25,with,2.71,2.96,1,1,5.524861878453039,121,F,121-127105-0022
W.OW1,0.490000000000002,woe,22.54,23.03,1,1,3.6585365853658525,121,F,121-123852-0003
W.UH1,0.16999999999999993,woman,1.46,2.0,2,1-0,2.9940119760479043,121,F,121-121726-0013
W.UH1,0.20999999999999985,woman,0.92,1.45,2,1-0,3.773584905660378,121,F,121-121726-0012
Y.AH1.NG,0.56,young,0.73,1.29,1,1,2.9702970297029703,121,F,121-127105-0031
Y.AO1.R.Z,0.5800000000000001,yours,4.88,5.46,1,1,3.3073929961089497,121,F,121-127105-0007
Y.IH1.R.Z,0.51,years,1.64,2.15,1,1,3.9800995024875627,121,F,121-127105-0009
AA1.R.M,0.33999999999999986,arm,4.83,5.17,1,1,5.676855895196506,61,M,61-70968-0050
AA1.R.M,0.3399999999999994,arm,3.93,4.27,1,1,5.235602094240838,61,M,61-70970-0007
AA1.R.M,0.3900000000000001,arm,2.33,2.72,1,1,4.382470119521912,61,M,61-70968-0042
AE1.N,0.1899999999999995,answer,7.66,8.14,2,1-0,4.458598726114649,61,M,61-70970-0015
AO1.L,0.29000000000000004,all,2.31,2.6,1,1,6.167400881057269,61,M,61-70968-0050
AY1,0.03,i,0.09,0.12,1,1,33.333333333333336,61,M,61-70968-0017
B.AE1.K,0.34999999999999964,back,3.43,3.78,1,1,5.337078651685394,61,M,61-70968-0027
B.AW1,0.27,bower,1.4,1.87,2,1-0,6.432748538011695,61,M,61-70970-0016
B.AW1.T,0.33999999999999986,bout,4.54,4.88,1,1,5.2434456928838955,61,M,61-70968-0023
B.AY1,0.41000000000000014,by,6.71,7.12,1,1,4.696969696969697,61,M,61-70970-0035
B.AY1,0.43000000000000016,by,1.73,2.16,1,1,4.790419161676646,61,M,61-70970-0018
B.EH1.L.T,0.41999999999999993,belt,6.72,7.14,1,1,4.920405209840811,61,M,61-70968-0014
B.OY1,0.6499999999999999,boy,1.27,1.92,1,1,2.4096385542168677,61,M,61-70970-0008
B.R.EH1.TH,0.33999999999999986,breath,3.83,4.17,1,1,4.666666666666667,61,M,61-70968-0032
B.R.EH1.TH,0.41999999999999993,breath,5.44,5.86,1,1,4.5212765957446805,61,M,61-70970-0001
CH.AY1.L.D,0.5299999999999998,child,3.06,3.59,1,1,3.9393939393939394,61,M,61-70968-0001
CH.EY1.M,0.29000000000000004,chamber,3.53,4.04,2,1-0,5.319148936170213,61,M,61-70970-0013
CH.EY1.M,0.3000000000000007,chamber,5.85,6.37,2,1-0,4.810126582278481,61,M,61-70970-0015
CH.IY1.K.S,0.5,cheeks,2.93,3.43,1,1,4.934210526315789,61,M,61-70968-0056
D.AY1.D,0.5100000000000007,died,4.27,4.78,1,1,4.761904761904762,61,M,61-70968-0005
D.EY1,0.3700000000000001,day,2.27,2.64,1,1,3.71900826446281,61,M,61-70968-0036
D.EY1,0.41999999999999993,day,5.48,5.9,1,1,3.03030303030303,61,M,61-70970-0011
D.EY1.Z,0.4800000000000004,days,4.26,4.74,1,1,5.46075085324232,61,M,61-70968-0041
D.IH1.G,0.16999999999999993,dignity,3.24,3.75,3,1-0-0,4.892966360856269,61,M,61-70968-0053
DH.AH0.M,0.2400000000000002,them,5.58,5.82,1,1,5.535055350553504,61,M,61-70970-0037
DH.AH0.M,0.21999999999999975,them,6.16,6.38,1,1,5.882352941176471,61,M,61-70970-0036
DH.EH1.N,0.29000000000000004,then,1.43,1.72,1,1,4.6875,61,M,61-70970-0005
DH.EH1.N,0.28000000000000025,then,7.68,7.96,1,1,4.021447721179625,61,M,61-70968-0049
EH1.N,0.20000000000000018,n,2.44,2.64,1,1,5.138339920948616,61,M,61-70970-0010
EH1.S,0.20000000000000018,s,3.67,3.87,1,1,4.347826086956522,61,M,61-70970-0029
F.AA1,0.22999999999999998,father,3.47,3.97,2,1-0,4.86111111111111,61,M,61-70968-0003
F.AA1,0.20000000000000018,father,1.88,2.32,2,1-0,5.524861878453039,61,M,61-70970-0002
F.AO1,0.13000000000000078,forest,9.44,9.98,2,1-0,5.769230769230769,61,M,61-70970-0038
F.EH1,0.1100000000000001,fellow,1.63,1.99,2,1-0,3.910614525139665,61,M,61-70968-0018
F.EH1,0.11999999999999988,fellow,1.6,1.95,2,1-0,4.4692737430167595,61,M,61-70968-0023
F.EH1.R,0.4200000000000004,fair,2.82,3.24,1,1,4.651162790697674,61,M,61-70970-0033
F.ER1.S.T,0.4500000000000002,first,5.56,6.01,1,1,4.0201005025125625,61,M,61-70968-0010
F.OW1.Z,0.4800000000000004,foes,4.31,4.79,1,1,5.3215077605321515,61,M,61-70968-0026
G.L.AE1.N.S,0.5800000000000001,glance,7.36,7.94,1,1,4.117647058823529,61,M,61-70968-0010
G.R.AW1.N.D,0.5,ground,4.38,4.88,1,1,4.888888888888889,61,M,61-70970-0027
G.R.EY1.S,0.5399999999999998,grace,1.74,2.28,1,1,4.225352112676057,61,M,61-70968-0021
HH.AE1,0.1299999999999999,happiness,2.77,3.42,3,1-0-0,4.402515723270441,61,M,61-70968-0060
HH.AE1.N.Z,0.5899999999999999,hands,5.66,6.25,1,1,4.642857142857143,61,M,61-70970-0039
HH.AH1.T,0.2799999999999998,hut,3.14,3.42,1,1,5.974842767295598,61,M,61-70970-0025
HH.AH1.T,0.27,hut,2.22,2.49,1,1,5.405405405405405,61,M,61-70970-0024
HH.AO1.L,0.33999999999999986,hall,4.03,4.37,1,1,5.583756345177664,61,M,61-70970-0018
HH.AW1.S,0.40000000000000036,house,6.13,6.53,1,1,4.6610169491525415,61,M,61-70968-0043
HH.IY1,0.2999999999999998,he,2.08,2.38,1,1,3.587443946188341,61,M,61-70968-0020
HH.IY1.R,0.6000000000000001,here,1.9,2.5,1,1,1.7241379310344829,61,M,61-70968-0025
IH1.N,0.10000000000000009,interview,1.39,1.87,3,1-0-2,5.625,61,M,61-70970-0001
IY1.R.Z,0.41999999999999993,ears,2.43,2.85,1,1,5.150214592274678,61,M,61-70970-0037
K.AA1.M,0.33999999999999986,comrades,2.62,3.41,2,1-2,3.8167938931297707,61,M,61-70968-0039
K.AH1.M,0.3799999999999999,come,2.47,2.85,1,1,5.038759689922481,61,M,61-70970-0012
K.AW1.N,0.31000000000000005,counsel,3.26,3.8,2,1-0,4.950495049504951,61,M,61-70970-0002
K.EY1.M,0.3799999999999999,came,2.23,2.61,1,1,5.829596412556054,61,M,61-70968-0006
K.L.AO1.TH,0.48,cloth,1.81,2.29,1,1,4.6082949308755765,61,M,61-70968-0032
K.R.AW1.D,0.33999999999999986,crowd,5.05,5.39,1,1,5.737704918032788,61,M,61-70968-0019
K.R.AY1.Z,0.5099999999999998,cries,6.08,6.59,1,1,4.889589905362776,61,M,61-70968-0035
K.W.IH1,0.20999999999999996,quickly,2.48,3.04,2,1-0,4.135338345864661,61,M,61-70968-0051
L.AE1.D,0.52,lad,2.32,2.84,1,1,3.759398496240602,61,M,61-70968-0057
L.AE1.F,0.3900000000000001,laugh,3.89,4.28,1,1,4.864864864864865,61,M,61-70970-0034
L.AW1,0.20000000000000018,louder,3.91,4.31,2,1-0,4.487179487179488,61,M,61-70968-0025
L.AY1.F,0.5700000000000001,life,1.97,2.54,1,1,4.11522633744856,61,M,61-70968-0002
L.EH1.F.T,0.4400000000000004,left,4.25,4.69,1,1,5.8252427184466,61,M,61-70968-0000
L.EY1.T,0.4,late,0.48,0.88,1,1,2.73972602739726,61,M,61-70970-0009
L.IH1.V,0.3900000000000001,live,1.42,1.81,1,1,4.316546762589928,61,M,61-70970-0004
M.AA1.R,0.38000000000000034,marvels,2.57,3.46,2,1-0,2.9605263157894735,61,M,61-70968-0007
M.AA1.R,0.2599999999999998,marvel,4.75,5.27,2,1-0,4.761904761904763,61,M,61-70968-0061
M.AE1,0.18000000000000016,master,1.63,2.16,2,1-0,3.571428571428571,61,M,61-70968-0009
M.AE1,0.18999999999999995,matter,2.73,3.17,2,1-0,5.2264808362369335,61,M,61-70970-0039
M.AE1.N,0.6199999999999997,man,3.56,4.18,1,1,3.4285714285714293,61,M,61-70968-0009
M.EH1.N,0.3599999999999999,men,2.66,3.02,1,1,4.316546762589928,61,M,61-70968-0045
M.EH1.N,0.31999999999999995,men,0.87,1.19,1,1,4.651162790697675,61,M,61-70968-0025
M.EY1.D,0.3999999999999999,maid,3.27,3.67,1,1,5.000000000000001,61,M,61-70968-0004
M.IH1,0.14000000000000057,mission,6.56,7.03,2,1-0,5.555555555555555,61,M,61-70970-0024
M.IY1,0.39000000000000057,me,9.83,10.22,1,1,4.713804713804713,61,M,61-70970-0004
M.IY1,0.3699999999999999,me,1.54,1.91,1,1,5.9171597633136095,61,M,61-70968-0059
M.OW1,0.21999999999999975,moment,2.14,2.65,2,1-0,5.668016194331984,61,M,61-70968-0048
N.AW1,0.3999999999999999,now,2.19,2.59,1,1,4.761904761904763,61,M,61-70968-0044
N.AW1,0.43999999999999995,now,1.32,1.76,1,1,4.25531914893617,61,M,61-70968-0058
P.EY1,0.21999999999999997,patience,1.61,2.06,2,1-0,4.1450777202072535,61,M,61-70968-0024
P.EY1.JH,0.4999999999999998,page,1.82,2.32,1,1,4.2328042328042335,61,M,61-70968-0004
P.IH1.T,0.3199999999999994,pit,6.74,7.06,1,1,4.956268221574344,61,M,61-70970-0025
P.R.AW1.D,0.31999999999999984,proudly,3.46,4.05,2,1-0,3.68271954674221,61,M,61-70970-0011
P.R.EH1,0.20000000000000018,presently,3.23,3.91,3,1-0-0,4.437869822485207,61,M,61-70968-0037
R.AA1,0.13999999999999968,robin,3.37,3.77,2,1-0,5.438066465256798,61,M,61-70968-0040
R.AA1,0.1200000000000001,robin,3.11,3.49,2,1-0,4.697986577181207,61,M,61-70968-0061
R.AY1,0.23000000000000043,rioting,4.17,4.67,3,1-0-0,5.647058823529412,61,M,61-70968-0047
R.EH1,0.13999999999999968,ready,4.08,4.53,2,1-0,4.999999999999998,61,M,61-70970-0020
R.EH1,0.10999999999999988,wrestlers,2.95,3.56,2,1-0,2.803738317757009,61,M,61-70968-0043
R.EH1.R,0.31999999999999984,rarely,2.37,2.97,2,1-0,3.942652329749104,61,M,61-70970-0030
R.EH1.S,0.2799999999999998,rescue,3.31,4.02,2,1-0,2.5641025641025648,61,M,61-70968-0034
R.IY1.CH.T,0.3800000000000001,reached,1.47,1.85,1,1,4.895104895104895,61,M,61-70968-0046
R.UW1.F.S,0.47999999999999954,roofs,4.66,5.14,1,1,4.928131416837783,61,M,61-70970-0021
S.AH1.N.Z,0.45999999999999996,sons,2.32,2.78,1,1,4.761904761904763,61,M,61-70968-0013
S.AH1.N.Z,0.47000000000000064,sons,4.52,4.99,1,1,5.3452115812917596,61,M,61-70968-0017
S.AO1.F.T,0.3899999999999999,softly,1.5,2.11,2,1-0,2.824858757062147,61,M,61-70970-0015
S.AY1.T,0.41999999999999993,sight,6.49,6.91,1,1,4.065040650406504,61,M,61-70970-0004
S.EH1.D,0.33000000000000007,said,1.75,2.08,1,1,4.0,61,M,61-70970-0006
S.ER1,0.4099999999999997,sir,1.85,2.26,1,1,4.571428571428572,61,M,61-70968-0005
S.K.W.AY1.R,0.5300000000000002,squire,5.3,5.83,1,1,4.900181488203267,61,M,61-70970-0000
S.L.IY1.V,0.6399999999999999,sleeve,1.89,2.53,1,1,4.97737556561086,61,M,61-70968-0052
S.P.EY1.S,0.4700000000000002,space,2.8,3.27,1,1,4.587155963302753,61,M,61-70970-0009
S.P.OW1.K,0.43000000000000016,spoke,3.0,3.43,1,1,5.633802816901409,61,M,61-70970-0020
S.T.EH1.P,0.41999999999999993,step,2.71,3.13,1,1,5.208333333333334,61,M,61-70970-0014
S.T.R.OW1,0.25,stroller,4.7,5.2,2,1-0,4.184100418410042,61,M,61-70968-0015
SH.AA1.R,0.25,sharply,3.44,3.98,2,1-0,2.5714285714285716,61,M,61-70968-0019
SH.AW1.T,0.3700000000000001,shout,5.17,5.54,1,1,4.307116104868914,61,M,61-70968-0030
SH.AW1.T,0.35000000000000053,shout,5.1,5.45,1,1,5.136986301369863,61,M,61-70968-0033
T.EH1,0.1299999999999999,terrified,3.63,4.3,3,1-0-2,4.651162790697675,61,M,61-70968-0013
T.EH1.N.T,0.3799999999999999,tent,5.74,6.12,1,1,5.5846422338568935,61,M,61-70968-0011
T.EH1.N.T,0.33999999999999986,tent,1.96,2.3,1,1,5.825242718446603,61,M,61-70968-0033
T.R.IH1.K.S,0.5900000000000001,tricks,1.55,2.14,1,1,4.371584699453551,61,M,61-70968-0062
T.W.AY1,0.27999999999999936,twilight,4.24,4.9,2,1-2,3.7433155080213893,61,M,61-70968-0057
V.AO1.L.T,0.41000000000000014,vault,5.95,6.36,1,1,5.203252032520325,61,M,61-70970-0028
V.EH1.K.S.T,0.5599999999999998,vexed,1.09,1.65,1,1,4.225352112676057,61,M,61-70968-0016
V.OY1.S,0.5899999999999999,voice,2.04,2.63,1,1,4.938271604938272,61,M,61-70970-0029
W.EY1,0.3500000000000001,way,1.83,2.18,1,1,5.6701030927835046,61,M,61-70968-0003
W.IH1,0.14000000000000012,wizard,2.02,2.44,2,1-0,5.882352941176471,61,M,61-70968-0000
W.IH1.L,0.33999999999999986,will,1.04,1.38,1,1,4.040404040404041,61,M,61-70968-0041
W.IH1.L,0.51,will,0.41,0.92,1,1,1.9607843137254901,61,M,61-70970-0020
W.IH1.N,0.20999999999999996,window,3.65,4.13,2,1-0,6.0,61,M,61-70970-0016
Y.UW1,0.4700000000000002,you,2.92,3.39,1,1,4.658385093167702,61,M,61-70968-0008
Y.UW1,0.16999999999999993,you,1.9,2.07,1,1,4.972375690607735,61,M,61-70970-0017
Y.UW1,0.25,you,3.19,3.44,1,1,4.229607250755287,61,M,61-70970-0003
