speaker,discourse,gender,yob,phone_id,phone,syllable,word,transcription,phone_begin,phone_end
67823,67823_f2_int3_20230328_CH_101231,female,1976,6ee8f516-55eb-11f0-b0b1-16386fa09120,a,t.a.b,établissements,e.t.a.b.ʎ.i.s.m.ɑ̃,62.6,62.66
52013,52013_f6_int6_2021_03_31_CH_0-1652,female,1966,70c74ae0-55eb-11f0-b0b1-16386fa09120,a,d.a.m,madame,m.a.d.a.m,69.44,69.51
52013,52013_f6_int6_2021_03_31_CH_0-1652,female,1966,70c70c38-55eb-11f0-b0b1-16386fa09120,a,a,accueillir,a.k.œ.j.i.ʁ,14.54,14.64
52013,52013_f6_int6_2021_03_31_CH_0-1652,female,1966,70c71502-55eb-11f0-b0b1-16386fa09120,a,s.a.b.l,responsable,ʁ.ɛ.s.p.ɔ̃.s.a.b.l,21.84,21.94
52013,52013_f6_int6_2021_03_31_CH_0-1652,female,1966,70c6d7fe-55eb-11f0-b0b1-16386fa09120,a,l.a,la,l.a,1.13,1.19
42171,42171_f7_int7_2022_03_29_CH_0-1711,male,1970,6fb1b19a-55eb-11f0-b0b1-16386fa09120,a,d.a.b.l,abordables,a.b.ɔ.ʁ.d.a.b.l,6.99,7.18
42171,42171_f1_int1_2022_03_29_CH_0-1711,male,1970,6f654fbc-55eb-11f0-b0b1-16386fa09120,a,t.a.ʒ,pourcentage,p.u.ʁ.s.ɑ̃.t.a.ʒ,55.11,55.35
98601,98601_f3_int3_2010_09_14_comm,male,1949,72009d44-55eb-11f0-b0b1-16386fa09120,a,f.a.k,insatisfaction,ɛ̃.s.a.t.i.s.f.a.k.s.j.ɔ̃,66.11,66.18
42171,42171_f2_int2_2022_03_29_CH_0-1711,male,1970,6f7a7ee6-55eb-11f0-b0b1-16386fa09120,a,l.a,la,l.a,69.05,69.12
98601,98601_f5_int5_2010_09_14_comm,male,1949,715d0102-55eb-11f0-b0b1-16386fa09120,a,p.a,municipalités,m.y.ɲ.i.s.i.p.a.ʎ.i.t.e,2.02,2.1
67823,67823_f3_int4_20230328_CH_101231,female,1976,6ecab63c-55eb-11f0-b0b1-16386fa09120,e,m.e,améliorer,a.m.e.ʎ.ɔ.ʁ.e,6.74,6.8
52013,52013_f6_int6_2021_03_31_CH_0-1652,female,1966,70c75de6-55eb-11f0-b0b1-16386fa09120,e,c.e,québec,c.e.b.ɛ.k,81.55,81.62
67823,67823_f5_int6_20230328_CH_101231,female,1976,6f4fcca0-55eb-11f0-b0b1-16386fa09120,e,d.e,des,d.e,12.66,12.71
52013,52013_f3_int3_2021_03_31_CH_0-1652,female,1966,70dce152-55eb-11f0-b0b1-16386fa09120,e,e,et,e,79.62,79.96
14401,14401_f2_int3_2022_03_29_assnat_174837,female,1985,6e185b0e-55eb-11f0-b0b1-16386fa09120,e,f.e,fédéral,f.e.d.e.ʁ.a.l,61.86,61.93
98601,98601_f2_int2_2010_09_14_comm,male,1949,71e8a392-55eb-11f0-b0b1-16386fa09120,e,d.e,concéder,k.ɔ̃.s.e.d.e,49.75,49.87
41440,41440_f5_int7_20221206_CH_152702,male,1958,70839106-55eb-11f0-b0b1-16386fa09120,e,e,éliminer,e.ʎ.i.m.i.n.e,58.57,58.65
98601,98601_f10_int11_2010_09_14_comm,male,1949,7188e196-55eb-11f0-b0b1-16386fa09120,e,ʒ.e,générales,ʒ.e.n.e.ʁ.a.l,41.14,41.2
41440,41440_f3_int4_20221206_CH_152702,male,1958,705b669a-55eb-11f0-b0b1-16386fa09120,e,p.l.e,plaisir,p.l.e.z.i.ʁ,19.73,19.78
42171,42171_f3_int3_2022_03_29_CH_0-1711,male,1970,6f905efa-55eb-11f0-b0b1-16386fa09120,e,d.e,des,d.e,84.78,84.88
14401,14401_f5_int6_2022_03_29_assnat_174837,female,1985,6e82ab08-55eb-11f0-b0b1-16386fa09120,i,d.i,dit,d.i,81.58,81.8
52013,52013_f6_int6_2021_03_31_CH_0-1652,female,1966,70c6dac4-55eb-11f0-b0b1-16386fa09120,i,ʁ.i.s,touristiques,t.u.ʁ.i.s.t.i.k,3.1,3.17
67823,67823_f4_int5_20230328_CH_101231,female,1976,6f1fe8e6-55eb-11f0-b0b1-16386fa09120,i,s.i,ciblés,s.i.b.l.e,39.84,39.9
52013,52013_f6_int6_2021_03_31_CH_0-1652,female,1966,70c7182c-55eb-11f0-b0b1-16386fa09120,i,s.i,aussi,o.s.i,25.65,25.91
14401,14401_f6_int7_2022_03_29_assnat_174837,female,1985,6e3d229a-55eb-11f0-b0b1-16386fa09120,i,m.i.l,mille,m.i.l,94.67,94.79
98601,98601_f7_int7_2010_09_14_comm,male,1949,71459378-55eb-11f0-b0b1-16386fa09120,i,v.i,révisée,ʁ.e.v.i.z.e,35.82,35.9
42171,42171_f1_int1_2022_03_29_CH_0-1711,male,1970,6f656ace-55eb-11f0-b0b1-16386fa09120,i,c.i.l,qu'il,c.i.l,82.38,82.51
41440,41440_f1_int2_20221206_CH_152702,male,1958,706c48d4-55eb-11f0-b0b1-16386fa09120,i,p.ɥ.i,appui,a.p.ɥ.i,71.17,71.37
98601,98601_f6_int6_2010_09_14_comm,male,1949,71274ae4-55eb-11f0-b0b1-16386fa09120,i,t.i,parties,p.a.ʁ.t.i,25.77,25.83
42171,42171_f7_int7_2022_03_29_CH_0-1711,male,1970,6fb1cd1a-55eb-11f0-b0b1-16386fa09120,i,m.i,millions,m.i.ʎ.ɔ̃,29.77,29.82
52013,52013_f3_int3_2021_03_31_CH_0-1652,female,1966,70dcd7b6-55eb-11f0-b0b1-16386fa09120,o,n.o,nos,n.o,70.89,71.02
14401,14401_f1_int2_2022_03_29_assnat_174837,female,1985,6ea81bae-55eb-11f0-b0b1-16386fa09120,o,p.o,l'impôt,l.ɛ̃.p.o,93.22,93.3
14401,14401_f2_int3_2022_03_29_assnat_174837,female,1985,6e182300-55eb-11f0-b0b1-16386fa09120,o,o,au,o,13.74,13.8
52013,52013_f3_int3_2021_03_31_CH_0-1652,female,1966,70dcb98e-55eb-11f0-b0b1-16386fa09120,o,o,au,o,46.9,47.01
14401,14401_f5_int6_2022_03_29_assnat_174837,female,1985,6e824546-55eb-11f0-b0b1-16386fa09120,o,f.o,faut,f.o,3.25,3.31
41440,41440_f6_int8_20221206_CH_152702,male,1958,702b8902-55eb-11f0-b0b1-16386fa09120,o,o,au,o,100.2,100.31
41440,41440_f6_int8_20221206_CH_152702,male,1958,702b659e-55eb-11f0-b0b1-16386fa09120,o,o,aura,o.ʁ.ɑ,72.16,72.26
98601,98601_f4_int4_2010_09_14_comm,male,1949,71724fb2-55eb-11f0-b0b1-16386fa09120,o,p.o,proposition,p.ʁ.ɔ.p.o.z.i.s.j.ɔ̃,38.98,39.09
41440,41440_f1_int2_20221206_CH_152702,male,1958,706c2160-55eb-11f0-b0b1-16386fa09120,o,o,autant,o.t.ɑ̃,35.84,35.95
98601,98601_f10_int11_2010_09_14_comm,male,1949,7188e998-55eb-11f0-b0b1-16386fa09120,o,o.t.ʁ,autre,o.t.ʁ,45.96,46.03
14401,14401_f3_int4_2022_03_29_assnat_174837,female,1985,6e60978e-55eb-11f0-b0b1-16386fa09120,u,t.u,toujours,t.u.ʒ.u.ʁ,27.12,27.2
67823,67823_f2_int3_20230328_CH_101231,female,1976,6ee8c974-55eb-11f0-b0b1-16386fa09120,u,k.u,coût,k.u,31.59,31.66
52013,52013_f6_int6_2021_03_31_CH_0-1652,female,1966,70c6e726-55eb-11f0-b0b1-16386fa09120,u,p.u,pourra,p.u.ʁ.ɑ,13.39,13.49
14401,14401_f1_int2_2022_03_29_assnat_174837,female,1985,6ea7c596-55eb-11f0-b0b1-16386fa09120,u,ʒ.u.ʁ,toujours,t.u.ʒ.u.ʁ,9.26,9.37
67823,67823_f5_int6_20230328_CH_101231,female,1976,6f5030c8-55eb-11f0-b0b1-16386fa09120,u,s.u,soutien,s.u.t.j.ɛ̃,75.99,76.05
98601,98601_f10_int11_2010_09_14_comm,male,1949,7188b130-55eb-11f0-b0b1-16386fa09120,u,t.u,tous,t.u,3.49,3.55
98601,98601_f10_int11_2010_09_14_comm,male,1949,71892200-55eb-11f0-b0b1-16386fa09120,u,v.u,vous,v.u,83.13,83.24
98601,98601_f6_int6_2010_09_14_comm,male,1949,712751f6-55eb-11f0-b0b1-16386fa09120,u,ʒ.u.ʁ,jour,ʒ.u.ʁ,33.39,33.57
98601,98601_f2_int2_2010_09_14_comm,male,1949,71e87264-55eb-11f0-b0b1-16386fa09120,u,n.u,nouvelle,n.u.v.ɛ.l,14.08,14.21
41440,41440_f4_int6_20221206_CH_152702,male,1958,7020560e-55eb-11f0-b0b1-16386fa09120,u,p.u.ʁ,pour,p.u.ʁ,3.97,4.08
67823,67823_f1_int2_20230328_CH_101231,female,1976,6f0a1836-55eb-11f0-b0b1-16386fa09120,y,d.y,du,d.y,36.82,36.89
14401,14401_f1_int2_2022_03_29_assnat_174837,female,1985,6ea7d108-55eb-11f0-b0b1-16386fa09120,y,d.y,du,d.y,19.27,19.34
67823,67823_f4_int5_20230328_CH_101231,female,1976,6f1fb2a4-55eb-11f0-b0b1-16386fa09120,y,k.y.l,facultés,f.a.k.y.l.t.e,5.67,5.76
52013,52013_f2_int2_2021_03_31_CH_0-1652,female,1966,70f3ec4e-55eb-11f0-b0b1-16386fa09120,y,y.n,une,y.n,20.64,20.78
52013,52013_f5_int5_2021_03_31_CH_0-1652,female,1966,7099c7c8-55eb-11f0-b0b1-16386fa09120,y,d.y,durable,d.y.ʁ.a.b.l,42.28,42.34
98601,98601_f4_int4_2010_09_14_comm,male,1949,71723d74-55eb-11f0-b0b1-16386fa09120,y,s.y.p.s,substance,s.y.p.s.t.ɑ̃.s,25.86,25.91
41440,41440_f5_int7_20221206_CH_152702,male,1958,708381a2-55eb-11f0-b0b1-16386fa09120,y,ʒ.y.s,justement,ʒ.y.s.t.ə.m.ɑ̃,49.06,49.15
98601,98601_f8_int8_2010_09_14_comm,male,1949,71c01d3c-55eb-11f0-b0b1-16386fa09120,y,s.y.l,consultés,k.ɔ̃.s.y.l.t.e,62.33,62.41
98601,98601_f4_int4_2010_09_14_comm,male,1949,717237e8-55eb-11f0-b0b1-16386fa09120,y,p.y.b,publiques,p.y.b.ʎ.i.k,20.72,20.77
42171,42171_f4_int4_2022_03_29_CH_0-1711,male,1970,6fdccfce-55eb-11f0-b0b1-16386fa09120,y,y.n,une,y.n,88.24,88.3
52013,52013_f1_int1_2021_03_31_CH_0-1652,female,1966,710ae4e4-55eb-11f0-b0b1-16386fa09120,ø,d.ø.z.j,deuxième,d.ø.z.j.ɛ.m,13.67,13.74
67823,67823_f4_int5_20230328_CH_101231,female,1976,6f1faf7a-55eb-11f0-b0b1-16386fa09120,ø,d.ø,deux,d.ø,3.89,3.96
52013,52013_f1_int1_2021_03_31_CH_0-1652,female,1966,710b006e-55eb-11f0-b0b1-16386fa09120,ø,d.ø,deux,d.ø,31.32,31.55
52013,52013_f6_int6_2021_03_31_CH_0-1652,female,1966,70c71d0e-55eb-11f0-b0b1-16386fa09120,ø,d.ø,deux,d.ø,29.01,29.25
52013,52013_f4_int4_2021_03_31_CH_0-1652,female,1966,70b035c6-55eb-11f0-b0b1-16386fa09120,ø,mʲ.ø,mieux,mʲ.ø,11.29,11.34
42171,42171_f4_int4_2022_03_29_CH_0-1711,male,1970,6fdc7cf4-55eb-11f0-b0b1-16386fa09120,ø,d.ø,deux,d.ø,7.04,7.14
42171,42171_f6_int6_2022_03_29_CH_0-1711,male,1970,6fc73b78-55eb-11f0-b0b1-16386fa09120,ø,d.ø,deux,d.ø,53.63,53.8
41440,41440_f1_int2_20221206_CH_152702,male,1958,706c160c-55eb-11f0-b0b1-16386fa09120,ø,v.ø,veux,v.ø,24.98,25.04
42171,42171_f3_int3_2022_03_29_CH_0-1711,male,1970,6f907714-55eb-11f0-b0b1-16386fa09120,ø,d.j.ø,dispendieux,d.i.s.p.ɑ̃.d.j.ø,98.31,98.43
98601,98601_f2_int2_2010_09_14_comm,male,1949,71e87912-55eb-11f0-b0b1-16386fa09120,ø,ʒ.ø,jeu,ʒ.ø,20.03,20.14
52013,52013_f6_int6_2021_03_31_CH_0-1652,female,1966,70c73bcc-55eb-11f0-b0b1-16386fa09120,œ,œ,euh,œ,55.34,55.51
52013,52013_f1_int1_2021_03_31_CH_0-1652,female,1966,710b24f4-55eb-11f0-b0b1-16386fa09120,œ,œ,euh,œ,64.29,64.4
52013,52013_f4_int4_2021_03_31_CH_0-1652,female,1966,70b06776-55eb-11f0-b0b1-16386fa09120,œ,œ,euh,œ,52.9,53.31
52013,52013_f2_int2_2021_03_31_CH_0-1652,female,1966,70f41886-55eb-11f0-b0b1-16386fa09120,œ,œ,euh,œ,56.1,56.57
14401,14401_f3_int4_2022_03_29_assnat_174837,female,1985,6e609e8c-55eb-11f0-b0b1-16386fa09120,œ,œ.ʁ,heure,œ.ʁ,33,33.24
41440,41440_f2_int3_20221206_CH_152702,male,1958,7043de12-55eb-11f0-b0b1-16386fa09120,œ,œ,euh,œ,70.64,70.82
98601,98601_f1_int1_2010_09_14_comm,male,1949,71a3ff62-55eb-11f0-b0b1-16386fa09120,œ,œ,euh,œ,39.6,39.9
98601,98601_f5_int5_2010_09_14_comm,male,1949,715d376c-55eb-11f0-b0b1-16386fa09120,œ,t.œ.ʁ,électeurs,e.l.ɛ.k.t.œ.ʁ,46.11,46.27
42171,42171_f8_int8_2022_03_29_CH_0-1711,male,1970,700af9b2-55eb-11f0-b0b1-16386fa09120,œ,œ,euh,œ,62.55,62.75
42171,42171_f5_int5_2022_03_29_CH_0-1711,male,1970,6ff3ac76-55eb-11f0-b0b1-16386fa09120,œ,œ,euh,œ,55.49,55.83
14401,14401_f2_int3_2022_03_29_assnat_174837,female,1985,6e18271a-55eb-11f0-b0b1-16386fa09120,œ̃,œ̃,un,œ̃,18.41,18.47
52013,52013_f1_int1_2021_03_31_CH_0-1652,female,1966,710b0b0e-55eb-11f0-b0b1-16386fa09120,œ̃,œ̃,un,œ̃,41.08,41.23
14401,14401_f5_int6_2022_03_29_assnat_174837,female,1985,6e829cda-55eb-11f0-b0b1-16386fa09120,œ̃,œ̃,un,œ̃,69.53,69.74
14401,14401_f3_int4_2022_03_29_assnat_174837,female,1985,6e60d848-55eb-11f0-b0b1-16386fa09120,œ̃,œ̃,un,œ̃,85.04,85.27
67823,67823_f4_int5_20230328_CH_101231,female,1976,6f2013f2-55eb-11f0-b0b1-16386fa09120,œ̃,œ̃,un,œ̃,69.79,69.97
41440,41440_f6_int8_20221206_CH_152702,male,1958,702b34f2-55eb-11f0-b0b1-16386fa09120,œ̃,œ̃,un,œ̃,22.67,22.83
41440,41440_f6_int8_20221206_CH_152702,male,1958,702b6206-55eb-11f0-b0b1-16386fa09120,œ̃,œ̃,un,œ̃,67.58,67.7
42171,42171_f4_int4_2022_03_29_CH_0-1711,male,1970,6fdc80fa-55eb-11f0-b0b1-16386fa09120,œ̃,œ̃,un,œ̃,9.86,9.98
41440,41440_f1_int2_20221206_CH_152702,male,1958,706c6904-55eb-11f0-b0b1-16386fa09120,œ̃,œ̃,un,œ̃,96.23,96.29
42171,42171_f5_int5_2022_03_29_CH_0-1711,male,1970,6ff3ab0e-55eb-11f0-b0b1-16386fa09120,œ̃,œ̃,un,œ̃,53.82,54.04
67823,67823_f6_int7_20230328_CH_101231,female,1976,6f35b66c-55eb-11f0-b0b1-16386fa09120,ɑ,l.ɑ,là,l.ɑ,60.35,60.43
52013,52013_f4_int4_2021_03_31_CH_0-1652,female,1966,70b07ad6-55eb-11f0-b0b1-16386fa09120,ɑ,t.ʁ.w.ɑ,trois,t.ʁ.w.ɑ,69.98,70.05
14401,14401_f5_int6_2022_03_29_assnat_174837,female,1985,6e82b60c-55eb-11f0-b0b1-16386fa09120,ɑ,l.ɑ,là,l.ɑ,95.28,95.36
14401,14401_f6_int7_2022_03_29_assnat_174837,female,1985,6e3cb788-55eb-11f0-b0b1-16386fa09120,ɑ,s.ɑ,ça,s.ɑ,32.19,32.29
52013,52013_f1_int1_2021_03_31_CH_0-1652,female,1966,710b4434-55eb-11f0-b0b1-16386fa09120,ɑ,ɑ,a,ɑ,87.08,87.14
98601,98601_f1_int1_2010_09_14_comm,male,1949,71a3f756-55eb-11f0-b0b1-16386fa09120,ɑ,p.ɑ,pas,p.ɑ,31.35,31.41
98601,98601_f10_int11_2010_09_14_comm,male,1949,7188b716-55eb-11f0-b0b1-16386fa09120,ɑ,v.ɑ,va,v.ɑ,9.58,9.63
42171,42171_f1_int1_2022_03_29_CH_0-1711,male,1970,6f651b0a-55eb-11f0-b0b1-16386fa09120,ɑ,ʁ.ɑ,caméra,k.a.m.e.ʁ.ɑ,4.61,4.71
42171,42171_f3_int3_2022_03_29_CH_0-1711,male,1970,6f9017e2-55eb-11f0-b0b1-16386fa09120,ɑ,ʒ.ɑ,déjà,d.e.ʒ.ɑ,22.27,22.39
98601,98601_f1_int1_2010_09_14_comm,male,1949,71a42f50-55eb-11f0-b0b1-16386fa09120,ɑ,f.ɑ.z,phase,f.ɑ.z,74.52,74.74
14401,14401_f6_int7_2022_03_29_assnat_174837,female,1985,6e3cb9cc-55eb-11f0-b0b1-16386fa09120,ɑ̃,m.ɑ̃,finalement,f.i.n.a.l.m.ɑ̃,34.76,34.83
67823,67823_f6_int7_20230328_CH_101231,female,1976,6f35870a-55eb-11f0-b0b1-16386fa09120,ɑ̃,d.ɑ̃,d'enseignement,d.ɑ̃.s.ɛ.ɲ.m.ɑ̃,27.14,27.23
67823,67823_f4_int5_20230328_CH_101231,female,1976,6f203292-55eb-11f0-b0b1-16386fa09120,ɑ̃,s.m.ɑ̃,investissements,ɛ̃.v.ɛ.s.t.i.s.m.ɑ̃,90.57,90.65
52013,52013_f4_int4_2021_03_31_CH_0-1652,female,1966,70b06e88-55eb-11f0-b0b1-16386fa09120,ɑ̃,ʁ.ɑ̃,garantir,ɡ.a.ʁ.ɑ̃.t.i.ʁ,60.07,60.2
52013,52013_f2_int2_2021_03_31_CH_0-1652,female,1966,70f4365e-55eb-11f0-b0b1-16386fa09120,ɑ̃,k.ɑ̃.t,cinquante,s.ɛ̃.k.ɑ̃.t,83.26,83.37
98601,98601_f10_int11_2010_09_14_comm,male,1949,7189296c-55eb-11f0-b0b1-16386fa09120,ɑ̃,t.ɑ̃.d.ʁ,entendre,ɑ̃.t.ɑ̃.d.ʁ,88.63,88.74
41440,41440_f6_int8_20221206_CH_152702,male,1958,702b4fb4-55eb-11f0-b0b1-16386fa09120,ɑ̃,m.ɑ̃,tellement,t.ɛ.l.m.ɑ̃,52.3,52.44
42171,42171_f1_int1_2022_03_29_CH_0-1711,male,1970,6f651fce-55eb-11f0-b0b1-16386fa09120,ɑ̃,p.ɑ̃.s,pense,p.ɑ̃.s,11.3,11.39
41440,41440_f3_int4_20221206_CH_152702,male,1958,705b8396-55eb-11f0-b0b1-16386fa09120,ɑ̃,s.ɑ̃.t,soixante,s.w.a.s.ɑ̃.t,47.22,47.34
41440,41440_f5_int7_20221206_CH_152702,male,1958,708366fe-55eb-11f0-b0b1-16386fa09120,ɑ̃,ɑ̃,entre,ɑ̃.t.ʁ.ə,26.77,26.91
14401,14401_f6_int7_2022_03_29_assnat_174837,female,1985,6e3c8f9c-55eb-11f0-b0b1-16386fa09120,ɔ,s.k.ɔ,préscolaire,p.ʁ.e.s.k.ɔ.l.ɜ.ʁ,8.27,8.37
67823,67823_f6_int7_20230328_CH_101231,female,1976,6f35a8d4-55eb-11f0-b0b1-16386fa09120,ɔ,k.ɔ,collégiaux,k.ɔ.l.e.ʒ.j.o,50.6,50.68
67823,67823_f5_int6_20230328_CH_101231,female,1976,6f50182c-55eb-11f0-b0b1-16386fa09120,ɔ,ɔ.f.ʁ,offrent,ɔ.f.ʁ,57.43,57.5
52013,52013_f2_int2_2021_03_31_CH_0-1652,female,1966,70f3ffd6-55eb-11f0-b0b1-16386fa09120,ɔ,l.ɔ.f.ʁ,l'offre,l.ɔ.f.ʁ,37.2,37.32
14401,14401_f3_int4_2022_03_29_assnat_174837,female,1985,6e609c5c-55eb-11f0-b0b1-16386fa09120,ɔ,l.ɔ,l'occasion,l.ɔ.k.a.z.j.ɔ̃,31.43,31.5
41440,41440_f1_int2_20221206_CH_152702,male,1958,706c24a8-55eb-11f0-b0b1-16386fa09120,ɔ,ɔ,oppositions,ɔ.p.o.z.i.s.j.ɔ̃,38.01,38.08
42171,42171_f3_int3_2022_03_29_CH_0-1711,male,1970,6f90374a-55eb-11f0-b0b1-16386fa09120,ɔ,d.ɔ,domaine,d.ɔ.m.ɛ.n,51.5,51.6
98601,98601_f5_int5_2010_09_14_comm,male,1949,715d4cf2-55eb-11f0-b0b1-16386fa09120,ɔ,ʃ.ɔ.k,choc,ʃ.ɔ.k,63.95,64.11
42171,42171_f3_int3_2022_03_29_CH_0-1711,male,1970,6f9024d0-55eb-11f0-b0b1-16386fa09120,ɔ,d.ɔ,d'occuper,d.ɔ.k.y.p.e,34.88,34.94
98601,98601_f5_int5_2010_09_14_comm,male,1949,715d295c-55eb-11f0-b0b1-16386fa09120,ɔ,d.ɔ,donner,d.ɔ.n.e,33.16,33.24
67823,67823_f1_int2_20230328_CH_101231,female,1976,6f0a5b98-55eb-11f0-b0b1-16386fa09120,ɔ̃,d.ɔ̃.k,donc,d.ɔ̃.k,85.01,85.13
14401,14401_f3_int4_2022_03_29_assnat_174837,female,1985,6e60b48a-55eb-11f0-b0b1-16386fa09120,ɔ̃,s.j.ɔ̃,interpellation,ɛ̃.t.ɛ.ʁ.p.e.l.a.s.j.ɔ̃,53.56,53.63
14401,14401_f6_int7_2022_03_29_assnat_174837,female,1985,6e3d2344-55eb-11f0-b0b1-16386fa09120,ɔ̃,n.ɔ̃,non,n.ɔ̃,95.26,95.4
14401,14401_f4_int5_2022_03_29_assnat_174837,female,1985,6df52648-55eb-11f0-b0b1-16386fa09120,ɔ̃,p.ɔ̃.s,réponse,ʁ.e.p.ɔ̃.s,35.66,35.8
67823,67823_f6_int7_20230328_CH_101231,female,1976,6f35493e-55eb-11f0-b0b1-16386fa09120,ɔ̃,k.ɔ̃.s,constater,k.ɔ̃.s.t.a.t.e,1.92,2.03
41440,41440_f1_int2_20221206_CH_152702,male,1958,706c6166-55eb-11f0-b0b1-16386fa09120,ɔ̃,v.ɔ̃,vivons,v.i.v.ɔ̃,89.8,90.06
98601,98601_f4_int4_2010_09_14_comm,male,1949,71727d3e-55eb-11f0-b0b1-16386fa09120,ɔ̃,s.j.ɔ̃,proposition,p.ʁ.ɔ.p.o.z.i.s.j.ɔ̃,68.74,68.81
42171,42171_f8_int8_2022_03_29_CH_0-1711,male,1970,700aef08-55eb-11f0-b0b1-16386fa09120,ɔ̃,s.j.ɔ̃,d'habitation,d.a.b.i.t.a.s.j.ɔ̃,53.51,53.65
98601,98601_f4_int4_2010_09_14_comm,male,1949,71725a84-55eb-11f0-b0b1-16386fa09120,ɔ̃,k.ɔ̃.s,circonscription,s.i.ʁ.k.ɔ̃.s.k.ʁ.i.p.s.j.ɔ̃,43.77,43.87
42171,42171_f7_int7_2022_03_29_CH_0-1711,male,1970,6fb20302-55eb-11f0-b0b1-16386fa09120,ɔ̃,s.j.ɔ̃,construction,k.ɔ̃.s.t.ʁ.y.k.s.j.ɔ̃,82.85,82.94
14401,14401_f4_int5_2022_03_29_assnat_174837,female,1985,6df51fea-55eb-11f0-b0b1-16386fa09120,ə,d.ə,de,d.ə,31.66,31.71
14401,14401_f6_int7_2022_03_29_assnat_174837,female,1985,6e3ca31a-55eb-11f0-b0b1-16386fa09120,ə,p.ʁ.ə,prenez,p.ʁ.ə.n.e,19.81,19.87
52013,52013_f1_int1_2021_03_31_CH_0-1652,female,1966,710b30e8-55eb-11f0-b0b1-16386fa09120,ə,d.ə,de,d.ə,74.57,74.64
67823,67823_f3_int4_20230328_CH_101231,female,1976,6ecb063c-55eb-11f0-b0b1-16386fa09120,ə,ʁ.ə,recruter,ʁ.ə.k.ʁ.y.t.e,59.68,59.77
67823,67823_f6_int7_20230328_CH_101231,female,1976,6f355b68-55eb-11f0-b0b1-16386fa09120,ə,d.ə,de,d.ə,16.07,16.13
41440,41440_f1_int2_20221206_CH_152702,male,1958,706c2a2a-55eb-11f0-b0b1-16386fa09120,ə,ʒ.ə,je,ʒ.ə,42.98,43.08
98601,98601_f1_int1_2010_09_14_comm,male,1949,71a3d078-55eb-11f0-b0b1-16386fa09120,ə,t.ə,tenu,t.ə.n.y,2.24,2.31
41440,41440_f5_int7_20221206_CH_152702,male,1958,70836852-55eb-11f0-b0b1-16386fa09120,ə,ʁ.ə,ressources,ʁ.ə.s.u.ʁ.s,28.13,28.2
42171,42171_f4_int4_2022_03_29_CH_0-1711,male,1970,6fdca4d6-55eb-11f0-b0b1-16386fa09120,ə,k.ə,que,k.ə,46.84,46.96
98601,98601_f3_int3_2010_09_14_comm,male,1949,71ffe1c4-55eb-11f0-b0b1-16386fa09120,ə,d.ə,de,d.ə,48.65,48.74
67823,67823_f1_int2_20230328_CH_101231,female,1976,6f0a47ac-55eb-11f0-b0b1-16386fa09120,ɛ,f.ʁ.ɛ,frais,f.ʁ.ɛ,71.46,71.52
52013,52013_f1_int1_2021_03_31_CH_0-1652,female,1966,710b51cc-55eb-11f0-b0b1-16386fa09120,ɛ,v.ɛ,devait,d.ə.v.ɛ,96.47,96.84
67823,67823_f4_int5_20230328_CH_101231,female,1976,6f1ff5c0-55eb-11f0-b0b1-16386fa09120,ɛ,f.ɛ,effet,e.f.ɛ,47.83,47.91
52013,52013_f4_int4_2021_03_31_CH_0-1652,female,1966,70b07a22-55eb-11f0-b0b1-16386fa09120,ɛ,b.ɛ.k,québec,c.e.b.ɛ.k,69.41,69.57
67823,67823_f1_int2_20230328_CH_101231,female,1976,6f0a5e5e-55eb-11f0-b0b1-16386fa09120,ɛ,f.ʁ.ɛ,frais,f.ʁ.ɛ,87.03,87.09
98601,98601_f5_int5_2010_09_14_comm,male,1949,715d21b4-55eb-11f0-b0b1-16386fa09120,ɛ,n.ɛ,n'est,n.ɛ,26.49,26.69
42171,42171_f1_int1_2022_03_29_CH_0-1711,male,1970,6f6556ba-55eb-11f0-b0b1-16386fa09120,ɛ,m.ɛ,mais,m.ɛ,63.52,63.62
42171,42171_f1_int1_2022_03_29_CH_0-1711,male,1970,6f656bb4-55eb-11f0-b0b1-16386fa09120,ɛ,s.j.ɛ,souciait,s.u.s.j.ɛ,83.32,83.41
98601,98601_f2_int2_2010_09_14_comm,male,1949,71e86a76-55eb-11f0-b0b1-16386fa09120,ɛ,ʁ.ɛ,auraient,o.ʁ.ɛ,11.38,11.44
42171,42171_f1_int1_2022_03_29_CH_0-1711,male,1970,6f6542d8-55eb-11f0-b0b1-16386fa09120,ɛ,ɛ,budget,b.y.dʒ.ɛ,37.15,37.43
67823,67823_f4_int5_20230328_CH_101231,female,1976,6f20225c-55eb-11f0-b0b1-16386fa09120,ɛ̃,s.ɛ̃,bassins,b.a.s.ɛ̃,78.44,78.53
67823,67823_f2_int3_20230328_CH_101231,female,1976,6ee8db08-55eb-11f0-b0b1-16386fa09120,ɛ̃,ɛ̃,ainsi,ɛ̃.s.i,44.7,44.83
67823,67823_f3_int4_20230328_CH_101231,female,1976,6ecab45c-55eb-11f0-b0b1-16386fa09120,ɛ̃,v.ɛ̃.t,vingt,v.ɛ̃.t,5.28,5.37
67823,67823_f2_int3_20230328_CH_101231,female,1976,6ee903b2-55eb-11f0-b0b1-16386fa09120,ɛ̃,v.ɛ̃.t,vingt,v.ɛ̃.t,72.4,72.49
67823,67823_f1_int2_20230328_CH_101231,female,1976,6f0a2600-55eb-11f0-b0b1-16386fa09120,ɛ̃,v.ɛ̃.t,vingt,v.ɛ̃.t,45.09,45.18
98601,98601_f8_int8_2010_09_14_comm,male,1949,71bfed9e-55eb-11f0-b0b1-16386fa09120,ɛ̃,v.ɛ̃,provinciale,p.ʁ.ɔ.v.ɛ̃.s.j.a.l,30.63,30.73
42171,42171_f4_int4_2022_03_29_CH_0-1711,male,1970,6fdcc3da-55eb-11f0-b0b1-16386fa09120,ɛ̃,v.ɛ̃,vingt,v.ɛ̃,76.25,76.39
41440,41440_f5_int7_20221206_CH_152702,male,1958,70837fe0-55eb-11f0-b0b1-16386fa09120,ɛ̃,ʃ.ɛ̃,prochains,p.ʁ.ɔ.ʃ.ɛ̃,47.31,47.44
42171,42171_f1_int1_2022_03_29_CH_0-1711,male,1970,6f655020-55eb-11f0-b0b1-16386fa09120,ɛ̃,b.j.ɛ̃,bien,b.j.ɛ̃,55.74,55.89
42171,42171_f6_int6_2022_03_29_CH_0-1711,male,1970,6fc72f52-55eb-11f0-b0b1-16386fa09120,ɛ̃,ɛ̃,ainsi,ɛ̃.s.i,41.68,41.87
14401,14401_f5_int6_2022_03_29_assnat_174837,female,1985,6e827c64-55eb-11f0-b0b1-16386fa09120,ɜ,ʃ.ɜ.z,chaise,ʃ.ɜ.z,41.95,42.08
14401,14401_f1_int2_2022_03_29_assnat_174837,female,1985,6ea7c23a-55eb-11f0-b0b1-16386fa09120,ɜ,p.ʁ.ɜ.s,presse,p.ʁ.ɜ.s,4.89,5.2
14401,14401_f3_int4_2022_03_29_assnat_174837,female,1985,6e60d5e6-55eb-11f0-b0b1-16386fa09120,ɜ,t.ɜ.ʁ,ministère,m.i.ɲ.i.s.t.ɜ.ʁ,82.95,83.15
14401,14401_f5_int6_2022_03_29_assnat_174837,female,1985,6e82acb6-55eb-11f0-b0b1-16386fa09120,ɜ,f.ɜ.ʁ,faire,f.ɜ.ʁ,84.16,84.31
52013,52013_f3_int3_2021_03_31_CH_0-1652,female,1966,70dce828-55eb-11f0-b0b1-16386fa09120,ɜ,ɜ.t,être,ɜ.t,86.22,86.35
98601,98601_f10_int11_2010_09_14_comm,male,1949,718908ba-55eb-11f0-b0b1-16386fa09120,ɜ,f.ɜ.ʁ,faire,f.ɜ.ʁ,65.66,65.79
42171,42171_f5_int5_2022_03_29_CH_0-1711,male,1970,6ff39326-55eb-11f0-b0b1-16386fa09120,ɜ,ɜ.d,aide,ɜ.d,26.91,27.12
